Model,MAE,MSE,RMSE
ARIMA,15.23737739929743,376.004946502756,19.390846977446756
Hybrid ARIMA-BiLSTM,13.592795283048662,296.0014306508943,17.204692111482096
